{"cameraMode":{"drawMode":0,"name":"Shaded","section":"Shading Mode"},"sceneLighting":false,"audioPlay":false,"sceneViewState":{"showFog":false,"showMaterialUpdate":true,"showSkybox":false,"showFlares":true,"showImageEffects":true,"showParticleSystems":true},"in2DMode":false,"pivot":{"x":-0.02083178609609604,"y":-0.0028756558895111086,"z":0.0979519933462143},"rotation":{"x":0.1255902647972107,"y":0.7157483100891113,"z":-0.13629475235939027,"w":0.6740496754646301},"size":0.5877726078033447,"orthographic":false}