{"cameraMode":{"drawMode":0,"name":"Shaded","section":"Shading Mode"},"sceneLighting":true,"audioPlay":false,"sceneViewState":{"showFog":false,"showMaterialUpdate":true,"showSkybox":true,"showFlares":true,"showImageEffects":true,"showParticleSystems":true},"in2DMode":false,"pivot":{"x":0.5343587398529053,"y":1.4395074844360352,"z":-0.5714980363845825},"rotation":{"x":0.14337362349033357,"y":0.7986072301864624,"z":-0.21508681774139405,"w":0.5444713830947876},"size":1.7500892877578736,"orthographic":false}