{"cameraMode":{"drawMode":0,"name":"Shaded","section":"Shading Mode"},"sceneLighting":true,"audioPlay":false,"sceneViewState":{"showFog":false,"showMaterialUpdate":true,"showSkybox":true,"showFlares":true,"showImageEffects":true,"showParticleSystems":true},"in2DMode":false,"pivot":{"x":-0.19397926330566407,"y":1.7611610889434815,"z":-1.0685458183288575},"rotation":{"x":0.052858587354421619,"y":0.7261441349983215,"z":-0.059792835265398028,"w":0.6836748719215393},"size":2.082444906234741,"orthographic":false}