{"cameraMode":{"drawMode":0,"name":"Shaded","section":"Shading Mode"},"sceneLighting":true,"audioPlay":false,"sceneViewState":{"showFog":false,"showMaterialUpdate":true,"showSkybox":true,"showFlares":true,"showImageEffects":true,"showParticleSystems":true},"in2DMode":false,"pivot":{"x":-0.4128095805644989,"y":-1.0255569219589234,"z":-0.6141032576560974},"rotation":{"x":0.4705461263656616,"y":0.5149612426757813,"z":-0.42434975504875185,"w":0.5782427191734314},"size":11.322843551635743,"orthographic":false}